first_name,last_name,email,phone_number
Matias,Briffett,mbriffett0@abc.net.au,512 293 4976
Stearne,Andrieu,sandrieu1@jigsy.com,747 395 4207
Blake,Tomalin,btomalin2@cloudflare.com,707 443 8514
Prissie,Donnelly,pdonnelly3@businesswire.com,581 770 8097
Bobine,Whitworth,bwhitworth4@sakura.ne.jp,792 297 5718
Karil,Matthai,kmatthai5@weibo.com,132 394 9605
Hyacinthie,Gabbitas,hgabbitas6@tripadvisor.com,
Anatollo,Scoon,ascoon7@sohu.com,260 711 7233
Isabella,Muschette,imuschette8@icio.us,944 176 6876
Aila,,atarburn9@cbsnews.com,504 932 0717
,Kirtland,,883 707 7121
Berty,Kettlestring,bkettlestringb@cargocollective.com,
Myrilla,,mjodlkowskic@exblog.jp,430 902 0823
Adair,Cloonan,acloonand@dailymail.co.uk,
Elenore,Inworth,einworthe@cisco.com,
Thomasina,Curbishley,tcurbishleyf@nationalgeographic.com,
Laney,Frohock,lfrohockg@va.gov,177 779 3969
Jarrad,Kintzel,jkintzelh@springer.com,
Selby,Cahani,scahanii@princeton.edu,442 588 0469
Natalie,Prujean,nprujeanj@squarespace.com,
Kliment,Smedmoor,ksmedmoork@yahoo.com,586 199 6234
,Madgwick,,
Zorana,Horstead,zhorsteadm@skype.com,
Courtney,Loughhead,cloughheadn@merriam-webster.com,
Monro,Myton,mmytono@scribd.com,389 443 8977
,Fairs,,151 949 2240
Doretta,,develingq@goodreads.com,
Tarrah,,tbugdallr@omniture.com,921 165 1264
Cecelia,Peebles,cpeebless@360.cn,857 806 2256
Seymour,Becks,sbeckst@vkontakte.ru,961 791 0195
Hercule,Saer,hsaeru@free.fr,987 676 0443
,,,
Karalynn,Marchment,kmarchmentw@examiner.com,338 340 9431
Chelsea,Straffon,cstraffonx@epa.gov,867 732 9943
Marthena,Lasseter,mlassetery@fastcompany.com,974 906 6354
,Ellerington,,515 801 7918
Rheta,Danielsky,rdanielsky10@printfriendly.com,747 603 8661
Brand,Alleway,balleway11@ibm.com,939 563 7886
Berke,,bduckerin12@rambler.ru,300 716 0302
Melony,Maria,mmaria13@furl.net,
Westbrooke,Beeson,wbeeson14@yahoo.com,241 117 4606
Amalee,,apash15@squidoo.com,509 932 0983
Audry,Foyston,afoyston16@webnode.com,757 756 0483
Sarita,Loxly,sloxly17@simplemachines.org,247 947 4672
Shayla,Steinor,ssteinor18@state.gov,
Ches,Hounsham,chounsham19@addtoany.com,343 331 1688
Catha,Triplett,ctriplett1a@mayoclinic.com,
Giselbert,Gilbanks,ggilbanks1b@cnet.com,
Arlina,Briscam,abriscam1c@timesonline.co.uk,487 398 4478
Lonna,Kellegher,lkellegher1d@fda.gov,
Gerry,Folomin,gfolomin1e@wisc.edu,
Aline,Kunneke,akunneke1f@vistaprint.com,212 237 6617
Orrin,,oogriffin1g@oaic.gov.au,719 247 4690
Ulises,Larrad,ularrad1h@homestead.com,745 616 2855
Eleen,,edanielut1i@apache.org,116 581 0079
Fifi,Tresler,ftresler1j@biglobe.ne.jp,317 840 9599
,Worley,,
Adolpho,,adranfield1l@hibu.com,550 329 0624
Weston,Samuel,wsamuel1m@google.ca,387 347 7451
Antonella,Lavalde,alavalde1n@oracle.com,
Kath,,kdutteridge1o@mit.edu,
Doyle,Romao,dromao1p@quantcast.com,742 457 1164
Brannon,Embleton,bembleton1q@google.cn,889 427 7028
Carole,,csummerrell1r@uol.com.br,901 978 6668
Lib,Treherne,ltreherne1s@vkontakte.ru,178 652 0616
,Salvidge,,217 452 0715
Kristofer,,kridley1u@loc.gov,524 187 8627
Beth,,bpilpovic1v@foxnews.com,316 320 2575
Sasha,Bawme,sbawme1w@people.com.cn,
Hana,Giddens,hgiddens1x@mit.edu,
Julian,Langthorn,jlangthorn1y@irs.gov,186 590 1856
Flore,,fmacane1z@xinhuanet.com,305 103 7669
Even,,eaglione20@google.co.jp,103 661 1119
Klara,Ruecastle,kruecastle21@nydailynews.com,
Niels,O'Lennachain,nolennachain22@wp.com,
Leonid,Derington,lderington23@phoca.cz,842 719 5147
Roxi,Pendlebery,rpendlebery24@vk.com,
,Kubelka,,
Rhianon,,rfieldsend26@networkadvertising.org,636 426 8521
Troy,McLice,tmclice27@unblog.fr,290 691 1635
Vikki,Yakovl,vyakovl28@meetup.com,478 523 2550
Eldin,Puddefoot,epuddefoot29@state.tx.us,828 295 2882
Helsa,Perrone,hperrone2a@jimdo.com,950 734 9380
Tarrah,,tkearns2b@imgur.com,869 677 5620
Ellie,Shury,eshury2c@timesonline.co.uk,391 599 6191
Meggie,Drivers,mdrivers2d@japanpost.jp,210 744 4567
Desiri,Deevey,ddeevey2e@blog.com,482 513 3568
Ashby,Gray,agray2f@wufoo.com,
Renelle,Jearum,rjearum2g@hud.gov,153 564 5137
,Morston,,508 167 2455
Heddi,Rentelll,hrentelll2i@so-net.ne.jp,620 300 3598
Stefa,de Wilde,sdewilde2j@xing.com,730 315 9772
Cale,Mervyn,cmervyn2k@odnoklassniki.ru,
Shanon,Goodings,sgoodings2l@newsvine.com,212 678 1639
Horatius,Danneil,hdanneil2m@taobao.com,
Toddie,Cholwell,tcholwell2n@squarespace.com,
Cristionna,,cdeinhardt2o@technorati.com,615 987 6924
Kristian,Grammer,kgrammer2p@mit.edu,876 146 0883
Kip,Hawkeridge,khawkeridge2q@wsj.com,380 477 0136
Nixie,Cassel,ncassel2r@redcross.org,668 198 2343
Beau,Grimsdike,bgrimsdike2s@newyorker.com,
Othello,Jantot,ojantot2t@yahoo.co.jp,
Keven,Haking,khaking2u@go.com,
Meris,Winney,mwinney2v@admin.ch,334 914 6067
Dalston,,ddomenichelli2w@hao123.com,319 807 8517
Asia,Lambdin,alambdin2x@ameblo.jp,233 101 2007
Lay,Harriss,lharriss2y@indiatimes.com,
Nikita,Pymar,npymar2z@shop-pro.jp,833 952 3812
Andris,Galliford,agalliford30@digg.com,990 467 4995
,Tomeo,,
Thebault,Petrillo,tpetrillo32@biglobe.ne.jp,345 610 9024
Leona,Jirousek,ljirousek33@ow.ly,160 856 1308
Odey,Puddin,opuddin34@icq.com,396 715 5264
Tana,,tsearight35@goo.gl,
Hirsch,,hciementini36@cdbaby.com,
Brendin,Purcell,bpurcell37@printfriendly.com,647 685 8491
Valene,Gentil,vgentil38@seattletimes.com,
Martynne,,mgunn39@hubpages.com,805 835 6254
Panchito,Currer,pcurrer3a@google.it,
Carey,Tetlow,ctetlow3b@microsoft.com,814 755 6412
Leland,Dowyer,ldowyer3c@huffingtonpost.com,576 650 6494
Byran,Maccari,bmaccari3d@netscape.com,654 955 1506
Livvy,Chastand,lchastand3e@dell.com,360 947 3967
Ailbert,Prandoni,aprandoni3f@europa.eu,978 270 0645
Ericka,Georges,egeorges3g@ovh.net,842 155 6677
Penelope,Chidwick,pchidwick3h@cloudflare.com,373 860 4497
Care,Dulake,cdulake3i@woothemes.com,310 685 8761
Vick,Pover,vpover3j@unblog.fr,
Sandy,Osan,sosan3k@mayoclinic.com,
Raffarty,,rcoplestone3l@instagram.com,721 243 2852
Pernell,Ivanin,pivanin3m@mediafire.com,932 721 5109
Stacy,Jansson,sjansson3n@yahoo.com,193 498 7770
Simonne,,sconnealy3o@bluehost.com,388 724 1167
Terence,,tbowie3p@dropbox.com,
Natividad,Shills,nshills3q@newsvine.com,
Damian,,dvasechkin3r@msu.edu,211 192 1090
Lemmie,Perrett,lperrett3s@ucoz.com,256 689 6506
Sharity,,smichurin3t@who.int,
Norri,Sergent,nsergent3u@archive.org,524 977 0229
Tabby,Wildbore,twildbore3v@infoseek.co.jp,
Egan,,egallacher3w@feedburner.com,496 247 9571
Hope,Bohden,hbohden3x@blinklist.com,383 524 2874
,Varnam,,
Marco,Bore,mbore3z@google.com.au,758 601 5822
Mel,,mrohmer40@imgur.com,
Bridgette,Cleobury,bcleobury41@unicef.org,
Winni,Klosser,wklosser42@live.com,146 487 1434
Nevil,Shakeshaft,nshakeshaft43@statcounter.com,340 928 4964
Artair,Bollini,abollini44@studiopress.com,
Tobin,McGeouch,tmcgeouch45@xrea.com,619 745 3610
Simon,Westrey,swestrey46@wix.com,451 820 6120
Essa,Pentony,epentony47@amazon.co.uk,
Gerrie,Franca,gfranca48@sciencedirect.com,477 250 5532
Salli,Yarrington,syarrington49@baidu.com,325 487 0942
Stephie,Fursey,sfursey4a@youtu.be,209 963 1147
Amalie,,asrawley4b@sfgate.com,810 710 5251
Burl,Hansell,bhansell4c@epa.gov,247 249 7416
Stern,Hembery,shembery4d@yandex.ru,254 163 0345
Dave,Cash,dcash4e@craigslist.org,896 312 9264
Anselm,Balazin,abalazin4f@apache.org,707 120 9152
Kenna,Cullotey,kcullotey4g@un.org,439 527 5025
Karie,,kfernez4h@ameblo.jp,266 549 5182
Ophelie,Crain,ocrain4i@infoseek.co.jp,989 959 0569
Rani,Landrieu,rlandrieu4j@devhub.com,
,Stracey,,605 944 7364
Maggy,Demoge,mdemoge4l@sciencedirect.com,
,Stoneham,,100 156 9643
Erasmus,Koppelmann,ekoppelmann4n@pagesperso-orange.fr,
Melli,,mknowling4o@issuu.com,545 428 1212
Corie,Santore,csantore4p@constantcontact.com,212 758 4958
Ambros,Firmin,afirmin4q@marketwatch.com,
Marvin,Keynd,mkeynd4r@comsenz.com,
Marleah,Bertlin,mbertlin4s@nhs.uk,650 933 1386
Darsey,Syalvester,dsyalvester4t@technorati.com,320 138 6825
Gabi,Deverson,gdeverson4u@cafepress.com,966 119 4077
Bettye,De Banke,bdebanke4v@shareasale.com,689 842 5684
Eduard,Asprey,easprey4w@bing.com,
Halli,Riccetti,hriccetti4x@multiply.com,
Chaim,Alliker,calliker4y@phoca.cz,
Shannon,Bloom,sbloom4z@twitter.com,472 270 9434
Orel,Farnsworth,ofarnsworth50@ox.ac.uk,128 677 9839
Jayme,,jcomiskey51@icq.com,
Anna-maria,Banks,abanks52@youtu.be,697 970 7901
Lev,,lfrankum53@gov.uk,803 403 5985
Barnett,Abrashkov,babrashkov54@japanpost.jp,899 254 5166
Jeanne,,jnorker55@163.com,805 491 3109
Morris,,mreadwing56@nydailynews.com,
,Eriksson,,665 258 6735
Clerissa,Arnould,carnould58@t.co,628 457 7868
Nathalie,Gayden,ngayden59@europa.eu,
York,Di Claudio,ydiclaudio5a@bluehost.com,730 948 9392
Elle,Nutty,enutty5b@admin.ch,
Vivianna,MacPaik,vmacpaik5c@digg.com,
Charlene,Gronw,cgronw5d@unblog.fr,946 754 2974
Benoit,Lagen,blagen5e@java.com,356 301 4720
Kaela,Haggett,khaggett5f@npr.org,
Lynea,Glennard,lglennard5g@istockphoto.com,310 820 1773
Guntar,Possa,gpossa5h@army.mil,445 225 8964
Justus,Stodd,jstodd5i@mysql.com,
Gualterio,Feacham,gfeacham5j@tripod.com,888 625 9856
Sullivan,Oman,soman5k@sun.com,
Patrica,Chellam,pchellam5l@oakley.com,825 781 7763
Mitchel,Clute,mclute5m@oakley.com,904 686 8679
Tani,Rainger,trainger5n@nydailynews.com,517 261 8625
Thorny,Thewles,tthewles5o@geocities.com,188 268 5790
Griff,Whilder,gwhilder5p@sfgate.com,444 725 9652
Darya,Geddes,dgeddes5q@opensource.org,
Kayley,Easom,keasom5r@netlog.com,798 986 4557
Matias,Anten,manten5s@cbsnews.com,542 601 2781
,Albisser,,267 267 5566
Devlen,Gillet,dgillet5u@youtube.com,621 215 5168
Jeanette,Clutheram,jclutheram5v@webeden.co.uk,
Chance,Jeskins,cjeskins5w@paginegialle.it,635 252 1963
,Bosward,,
Koenraad,,kwillmetts5y@sina.com.cn,255 608 8036
Oralia,Mann,omann5z@bing.com,446 564 2797
Lawrence,Vigrass,lvigrass60@homestead.com,276 280 6134
Bette-ann,MacAleese,bmacaleese61@paypal.com,694 943 3511
Brnaby,Chazerand,bchazerand62@mtv.com,
Raimundo,Baldam,rbaldam63@bbc.co.uk,688 641 9229
Torey,Gonneau,tgonneau64@elpais.com,382 121 5359
Wanda,Dadswell,wdadswell65@salon.com,
Daryn,Lansly,dlansly66@java.com,
Mikael,Dyson,mdyson67@deliciousdays.com,494 568 1469
Gertrude,Joddins,gjoddins68@bravesites.com,
,Troy,,451 432 2837
Christina,Boshell,cboshell6a@yolasite.com,562 854 9477
Beatrix,,bcranna6b@sina.com.cn,
,Caddie,,616 967 6942
,Mattiacci,,752 592 2831
,Painten,,475 960 4916
Clair,Bull,cbull6f@hubpages.com,336 817 4939
,Lampet,,607 869 8198
Kata,Kuzma,kkuzma6h@wired.com,884 900 1213
Celestyn,,cluscott6i@cnn.com,431 201 3211
Krisha,Maling,kmaling6j@freewebs.com,
Tobe,Skeermer,tskeermer6k@exblog.jp,
Kala,Sissens,ksissens6l@instagram.com,
Vincenz,Knibb,vknibb6m@canalblog.com,960 228 2445
Emalia,Vanichkin,evanichkin6n@cnn.com,
Daphna,Zavattero,dzavattero6o@amazon.co.jp,501 700 2613
Herrick,,hearnshaw6p@admin.ch,
,Yanshinov,,343 753 1990
Bronson,Silmon,bsilmon6r@amazon.de,414 228 7403
Rivy,Minshaw,rminshaw6s@hubpages.com,
Junie,Goligher,jgoligher6t@paginegialle.it,936 390 1319
Waneta,,wilyenko6u@timesonline.co.uk,956 181 4098
Almeria,Durram,adurram6v@quantcast.com,492 371 2081
Isobel,,idunan6w@eventbrite.com,473 364 3625
Myrwyn,,mcerith6x@tiny.cc,610 460 1863
Ludovika,Joreau,ljoreau6y@omniture.com,
Galvan,Ilem,gilem6z@discovery.com,738 949 5782
Aleda,,ahattersley70@imdb.com,117 966 7918
Devonna,Klimp,dklimp71@blogs.com,985 647 2905
Benedicta,Colbrun,bcolbrun72@e-recht24.de,108 922 2442
Delinda,Morrissey,dmorrissey73@lulu.com,364 956 6464
Melly,,mstack74@reference.com,
,,,
Valma,Colin,vcolin76@acquirethisname.com,
,Rossbrook,,359 907 1714
Mata,Batcock,mbatcock78@360.cn,
,Schollar,,806 834 3947
Kassi,Northey,knorthey7a@flickr.com,603 355 4093
Eleonora,Browning,ebrowning7b@stanford.edu,896 162 9674
Blane,,binsull7c@studiopress.com,755 280 1001
Scott,Shambrook,sshambrook7d@whitehouse.gov,504 175 9789
Alvin,Juanes,ajuanes7e@ning.com,852 521 7712
Weidar,Lorrie,wlorrie7f@nytimes.com,887 538 6461
Harmonie,Placido,hplacido7g@stumbleupon.com,272 822 5675
Falkner,Attenbarrow,fattenbarrow7h@usatoday.com,742 449 8667
Nickolas,,nrichmond7i@ted.com,338 495 7546
Natalya,Lock,nlock7j@pagesperso-orange.fr,843 368 4856
Laurice,,lcamell7k@mashable.com,726 555 5595
Louise,,lteml7l@usda.gov,181 146 3644
Josey,Oyley,joyley7m@com.com,
Mariann,Maliffe,mmaliffe7n@ameblo.jp,434 823 2317
Leticia,Heinritz,lheinritz7o@naver.com,785 682 6405
Karlee,Romagosa,kromagosa7p@noaa.gov,818 922 0768
Lib,Haggidon,lhaggidon7q@smugmug.com,939 422 9274
Freddy,Rubbens,frubbens7r@parallels.com,134 266 7723
,Morden,,
Tessa,,tlarratt7t@fc2.com,574 371 9447
Emmie,,ebotte7u@google.com.au,285 907 3068
Englebert,,eyeliashev7v@ovh.net,310 367 9505
Baryram,Dash,bdash7w@csmonitor.com,
Franz,Dunbobin,fdunbobin7x@ftc.gov,960 415 7446
Sid,Ivons,sivons7y@wisc.edu,607 246 4812
Barr,Covill,bcovill7z@marketwatch.com,700 384 2389
Crista,Cownden,ccownden80@printfriendly.com,937 415 8150
Aidan,Guy,aguy81@google.com.hk,539 763 0593
Quinton,Auton,qauton82@e-recht24.de,
,,,268 606 9821
Neile,Houltham,nhoultham84@gov.uk,
Allix,Dauber,adauber85@imgur.com,714 769 0098
Rodie,Kubacek,rkubacek86@yelp.com,513 720 3845
Evangelin,Kerans,ekerans87@marriott.com,983 267 0447
Mellisa,Falconer,mfalconer88@comsenz.com,871 835 1785
Monty,Rosier,mrosier89@seattletimes.com,877 793 5025
Casie,Beard,cbeard8a@mozilla.com,
Warner,,wportch8b@princeton.edu,525 499 2030
Darlene,Salkild,dsalkild8c@typepad.com,372 442 8962
Urson,Lingard,ulingard8d@apple.com,696 571 4671
Ilise,,ihaldon8e@51.la,490 943 0602
Sinclare,Swaile,sswaile8f@intel.com,152 411 3074
Dian,Vaszoly,dvaszoly8g@a8.net,808 378 4566
Lemmie,De Laci,ldelaci8h@artisteer.com,
Jackie,Coulman,jcoulman8i@printfriendly.com,849 544 6179
Euphemia,,edownes8j@mozilla.com,787 116 8293
Eduino,Beckles,ebeckles8k@google.pl,144 338 0861
Packston,Brandolini,pbrandolini8l@tinyurl.com,630 871 3520
Geno,Fortnon,gfortnon8m@amazon.de,359 160 2707
,Mouth,,872 586 8196
Tobey,Barclay,tbarclay8o@shop-pro.jp,640 389 6892
Charity,Hevner,chevner8p@wikispaces.com,514 151 1284
Roddy,Biesty,rbiesty8q@discuz.net,
,Blenkhorn,,759 464 3197
Domenic,D'Ambrosi,ddambrosi8s@vinaora.com,471 820 0312
Rafa,Yurkov,ryurkov8t@archive.org,
Roseanna,Mowles,rmowles8u@cyberchimps.com,877 497 1305
Timmie,McHan,tmchan8v@list-manage.com,426 587 9698
Keir,Shiers,kshiers8w@apple.com,949 877 0281
Alanson,Powe,apowe8x@linkedin.com,279 984 0410
Eugenio,Orpyne,eorpyne8y@xrea.com,825 330 8126
Matthias,McLafferty,mmclafferty8z@google.com.br,
Sidonnie,,sblei90@jugem.jp,402 574 0316
Tobie,Inkpin,tinkpin91@prnewswire.com,
,Morrad,,
Vito,Basek,vbasek93@examiner.com,948 772 1475
Sanford,,sskewis94@reuters.com,999 925 1450
Keslie,Salliere,ksalliere95@reddit.com,
Jakob,Viveash,jviveash96@umn.edu,
Aura,Couche,acouche97@sbwire.com,227 680 9569
Sashenka,Rollett,srollett98@sina.com.cn,791 697 9869
Brandtr,Fradson,bfradson99@quantcast.com,681 271 5289
Corabelle,Renner,crenner9a@github.com,320 682 8892
Sophie,Do Rosario,sdorosario9b@comsenz.com,691 744 1854
Luciana,,lfeldharker9c@jimdo.com,100 217 9900
Tobias,Jansema,tjansema9d@nasa.gov,870 821 3400
Anissa,Melchior,amelchior9e@ca.gov,628 927 7688
Clari,Riden,criden9f@jigsy.com,
Beck,Maxwale,bmaxwale9g@gravatar.com,657 374 3581
Rod,,rmirfin9h@guardian.co.uk,960 247 1747
Gregg,Eggins,geggins9i@phpbb.com,743 813 7348
Dre,Huntall,dhuntall9j@squarespace.com,793 207 6742
Muffin,Shaw,mshaw9k@spotify.com,312 927 9630
Kirby,Ong,kong9l@mozilla.com,603 512 1897
Tamar,Eschelle,teschelle9m@plala.or.jp,654 924 4049
Lois,Blackhall,lblackhall9n@opensource.org,219 588 0527
Aurelea,,adeackes9o@is.gd,879 486 0283
Fania,Sergent,fsergent9p@dropbox.com,
Benedicta,Moorcroft,bmoorcroft9q@uiuc.edu,295 740 5740
Ashlee,Eagles,aeagles9r@wikimedia.org,970 675 6440
Rici,Mills,rmills9s@jigsy.com,
Ryley,Bryce,rbryce9t@reuters.com,285 460 1320
Vernon,Capun,vcapun9u@vkontakte.ru,299 474 4593
Selene,Klos,sklos9v@goo.gl,704 243 3265
,Kopje,,757 774 9820
Obidiah,Fateley,ofateley9x@alexa.com,
,Domoni,,
Olenolin,Camings,ocamings9z@github.com,915 528 3757
Chaddie,Kennon,ckennona0@pen.io,447 250 4898
Dallis,Ollett,dolletta1@vimeo.com,470 604 2820
Ingunna,Whibley,iwhibleya2@fastcompany.com,606 553 5518
Lars,,lwalbrooka3@usgs.gov,
Bonni,Everill,beverilla4@sbwire.com,
Chantalle,Search,csearcha5@hubpages.com,657 919 2056
Kippy,,kslaymakera6@github.io,
Tamra,Frantsev,tfrantseva7@bravesites.com,
Timmie,Davenall,tdavenalla8@cbslocal.com,878 195 2938
Jacintha,,jscottia9@angelfire.com,
Inger,Rabbitt,irabbittaa@prnewswire.com,651 641 9357
Yvette,Udie,yudieab@nymag.com,126 403 9267
Berton,,bspragingac@usnews.com,329 566 6291
Shamus,,sarbucklead@woothemes.com,
Lenka,Yuranovev,lyuranovevae@about.com,473 521 5986
Pansy,Janout,pjanoutaf@slate.com,
Reena,Jellman,rjellmanag@mozilla.com,673 917 0476
Juditha,Chomicz,jchomiczah@ebay.co.uk,
Maison,Dillway,mdillwayai@friendfeed.com,345 373 3881
Selia,Cherry,scherryaj@rediff.com,712 736 7815
Addison,MacBey,amacbeyak@huffingtonpost.com,575 216 6775
Griffin,,gwalmsleyal@so-net.ne.jp,245 101 6310
Alexis,,areeksam@51.la,945 216 5810
Abbe,Alphege,aalphegean@phoca.cz,
Brittaney,Pearson,bpearsonao@shop-pro.jp,705 912 8309
Nanine,Parslow,nparslowap@smh.com.au,181 284 5261
Genevieve,Addlestone,gaddlestoneaq@ucoz.ru,480 979 3075
Camila,Horney,chorneyar@kickstarter.com,265 992 6113
Marijn,McGinnis,mmcginnisas@kickstarter.com,924 562 8486
Erica,Fussie,efussieat@reuters.com,871 989 8668
Alisander,Lamberteschi,alamberteschiau@lycos.com,469 762 7068
,Swyndley,,848 418 4383
Earlie,Persence,epersenceaw@facebook.com,781 169 6895
,Shrive,,695 311 5532
Carmela,Davidge,cdavidgeay@independent.co.uk,
Sara-ann,Morrill,smorrillaz@nationalgeographic.com,157 772 2800
Christos,Gwinnel,cgwinnelb0@mozilla.org,
Ardisj,Alasdair,aalasdairb1@timesonline.co.uk,184 988 3439
Kahlil,Coot,kcootb2@behance.net,
Liva,McLaughlan,lmclaughlanb3@cmu.edu,
Halimeda,Schaffel,hschaffelb4@foxnews.com,
,,,703 810 6258
Keelia,,kpreeceb6@vk.com,569 538 6691
Rheta,Di Dello,rdidellob7@army.mil,413 502 7631
,Matys,,380 653 5928
Kathe,,kgotchb9@ask.com,526 282 3439
Alayne,,araggettba@issuu.com,
Floyd,,fscotchmoorbb@globo.com,108 116 5760
Emmett,Dolling,edollingbc@g.co,
,Durak,,
Giffie,Fowlston,gfowlstonbe@gizmodo.com,578 132 7076
Deane,Cox,dcoxbf@nps.gov,805 881 6760
Burr,,bpobg@paypal.com,
Solly,Artharg,sarthargbh@ehow.com,
,Gurner,,570 326 2780
,Cornick,,
Isa,Burgill,iburgillbk@cisco.com,
Brocky,Hoyle,bhoylebl@va.gov,
Malinde,Falck,mfalckbm@symantec.com,683 703 1398
,Harvard,,
Friedrich,Sharrocks,fsharrocksbo@tripod.com,243 766 4620
Violet,Hourihane,vhourihanebp@delicious.com,890 750 6043
Ida,Mottershead,imottersheadbq@themeforest.net,914 278 9399
Freddy,Hatto,fhattobr@ustream.tv,113 142 1879
Lelah,,lkenwaybs@youtu.be,
Ardra,,aprydiebt@ow.ly,
Anna-maria,Eynald,aeynaldbu@hostgator.com,
Giustina,Boxall,gboxallbv@java.com,
Rici,Cordero,rcorderobw@bigcartel.com,661 875 7442
Engracia,Aitken,eaitkenbx@comcast.net,919 561 4867
Jammal,Belliard,jbelliardby@ocn.ne.jp,988 283 2184
Anna-maria,,aiacovellibz@ihg.com,
Joceline,,jchurchillc0@fema.gov,
Zia,Hesey,zheseyc1@cpanel.net,
Chrissy,Chicco,cchiccoc2@printfriendly.com,325 679 6179
Peggy,Terris,pterrisc3@mac.com,251 450 4316
,Leggitt,,
Dar,Pershouse,dpershousec5@ustream.tv,695 405 6747
,,,
Franciska,,fbrickhamc7@wired.com,485 533 4741
Marney,Bough,mboughc8@slate.com,505 584 7108
Clayborn,Pencott,cpencottc9@jigsy.com,
,,,870 312 9192
Bili,Tregidgo,btregidgocb@nba.com,113 693 1627
Brandise,,bfortycc@usda.gov,194 347 5990
Liz,Habeshaw,lhabeshawcd@aboutads.info,714 624 0908
Ferdinanda,Taberner,ftabernerce@xinhuanet.com,781 653 7149
Jeri,McGarvey,jmcgarveycf@sakura.ne.jp,771 348 1582
Manfred,Salman,msalmancg@typepad.com,746 437 6598
Sherlocke,,stortoishellch@g.co,997 780 3707
Trescha,Inskipp,tinskippci@bizjournals.com,329 871 7093
Fabe,,fkopfcj@disqus.com,515 805 0079
,,,714 699 4287
Adelice,,aarmatyscl@soup.io,
Brena,Fincher,bfinchercm@boston.com,
Bathsheba,Clausius,bclausiuscn@about.me,883 868 3206
Thorpe,Cunio,tcunioco@mozilla.com,483 501 4389
Raul,Harcourt,rharcourtcp@nifty.com,758 313 4560
Chandler,,ctobiascq@slashdot.org,602 668 2134
Birch,Pennicard,bpennicardcr@state.gov,
Kingston,Bulle,kbullecs@opera.com,219 398 1335
Aidan,Leary,alearyct@dot.gov,876 360 4523
Gloria,Thunderman,gthundermancu@ox.ac.uk,319 527 2612
,Bockett,,811 870 7695
Raffarty,Ganing,rganingcw@eventbrite.com,534 650 8257
Dacia,Montgomery,dmontgomerycx@bizjournals.com,294 353 3481
Kathy,Burrows,kburrowscy@businessweek.com,
Elisha,Stillgoe,estillgoecz@theguardian.com,685 506 7202
Samaria,Twede,stweded0@buzzfeed.com,986 538 6168
Clio,Greensitt,cgreensittd1@aol.com,702 610 9982
Berget,Siman,bsimand2@qq.com,
Hermione,,hfulopd3@businessinsider.com,600 430 9624
Brose,Bestwick,bbestwickd4@ifeng.com,
,Giffaut,,
Renaldo,Obbard,robbardd6@ihg.com,838 908 3797
Candie,Dewhirst,cdewhirstd7@seattletimes.com,
Brina,Cashford,bcashfordd8@washington.edu,429 208 8382
Bebe,Truse,btrused9@jalbum.net,658 808 0672
Jan,Traylen,jtraylenda@google.pl,142 309 8236
Blair,Kinastan,bkinastandb@1und1.de,881 539 5115
Therese,Dudeney,tdudeneydc@smh.com.au,
Branden,MacTrusty,bmactrustydd@mtv.com,
Dare,Westcarr,dwestcarrde@ibm.com,194 657 1134
Laural,Swetland,lswetlanddf@smugmug.com,536 260 2549
Minetta,,mpoppledg@nih.gov,
Fernando,Martinson,fmartinsondh@nyu.edu,538 374 9824
,Imlach,,
Curtice,,cgravestondj@si.edu,566 959 3931
Wallie,Knaggs,wknaggsdk@yellowpages.com,220 476 9379
Kamillah,Wisam,kwisamdl@naver.com,
Korey,Duffrie,kduffriedm@list-manage.com,332 570 9905
Wendell,Bastin,wbastindn@w3.org,483 572 6097
Hugues,Dulanty,hdulantydo@ask.com,330 551 3699
Hayward,Streeter,hstreeterdp@is.gd,247 844 4127
Wolfy,Wyd,wwyddq@spiegel.de,254 221 9384
Byran,,biwanowiczdr@mysql.com,507 895 3340
Osmond,,onarrawayds@aol.com,179 490 9199
Curtice,Cham,cchamdt@zdnet.com,989 183 8688
Jamie,Luton,jlutondu@google.co.jp,
Borden,Bottomley,bbottomleydv@independent.co.uk,270 562 8832
Veda,Kynan,vkynandw@google.com.hk,211 409 2567
Millisent,,mleftbridgedx@topsy.com,914 193 1244
Kristian,Wherton,kwhertondy@intel.com,780 751 3875
,Bantick,,627 320 0901
Rosanna,Chazier,rchaziere0@mozilla.com,489 504 5705
Terencio,,ttompkinse1@sogou.com,367 595 0433
,Caff,,
,Kee,,
Kenneth,Simao,ksimaoe4@simplemachines.org,
Matthus,Kennet,mkennete5@technorati.com,
Morgen,Qualtro,mqualtroe6@washingtonpost.com,241 173 1240
Perla,Edney,pedneye7@macromedia.com,
Kizzee,De Bruijne,kdebruijnee8@hao123.com,973 601 3309
Alphonso,Metcalfe,ametcalfee9@skype.com,792 125 8429
Zarah,Magenny,zmagennyea@gmpg.org,
,,,
Briggs,,bbartenec@ihg.com,132 915 8129
Jammie,Baldry,jbaldryed@gizmodo.com,
Chip,Pilsbury,cpilsburyee@baidu.com,710 438 4893
Danyelle,,durryef@merriam-webster.com,791 116 8003
Caryl,Yven,cyveneg@privacy.gov.au,948 684 2976
Waylon,Clementel,wclementeleh@icio.us,504 524 1869
Karissa,Jerson,kjersonei@booking.com,521 232 6658
Hettie,Popeley,hpopeleyej@cbslocal.com,498 101 4199
Cooper,Kemetz,ckemetzek@hostgator.com,
,,,695 369 6665
,Baltrushaitis,,620 812 5811
Adelaide,Gother,agotheren@ifeng.com,
Cyndi,,cenevereo@dot.gov,662 277 6193
Lynnette,Culleford,lcullefordep@reverbnation.com,727 217 0733
,Adamowitz,,681 400 0124
Kelly,Wollacott,kwollacotter@buzzfeed.com,320 202 1471
Domini,Stickells,dstickellses@state.tx.us,426 756 6867
Aguistin,Duester,aduesteret@walmart.com,508 518 0892
,Brandi,,439 354 8549
,Mannock,,591 732 6185
Adoree,Coskerry,acoskerryew@geocities.jp,780 508 7224
Mohandis,Otto,mottoex@whitehouse.gov,302 102 6512
Lucine,,lfrushardey@geocities.com,329 921 3073
Calida,Waywell,cwaywellez@freewebs.com,946 185 6572
Abbie,Dudgeon,adudgeonf0@gravatar.com,315 866 5153
,Noli,,840 637 5563
Claudia,Emerine,cemerinef2@unblog.fr,606 403 9643
,Eminson,,229 809 5935
Myrtice,Carragher,mcarragherf4@utexas.edu,599 271 8114
Breanne,Sorton,bsortonf5@cloudflare.com,540 586 7652
Cody,Haily,chailyf6@github.io,236 652 9674
Shandee,Gowthrop,sgowthropf7@zimbio.com,
Hattie,Windous,hwindousf8@feedburner.com,
Rainer,MacAless,rmacalessf9@nsw.gov.au,
Towney,,tweyfa@biglobe.ne.jp,640 647 5818
Danya,Voyce,dvoycefb@livejournal.com,188 557 7243
Joellen,Gypps,jgyppsfc@disqus.com,718 646 9648
Lethia,Macallam,lmacallamfd@illinois.edu,734 321 3637
Harlene,Bradder,hbradderfe@utexas.edu,
Jess,,jkenchingtonff@rediff.com,737 838 1675
Tuck,,tdeliafg@cnbc.com,
Avis,Loynes,aloynesfh@thetimes.co.uk,802 139 9909
Tiffy,,tcreavenfi@yale.edu,
Milly,McGlone,mmcglonefj@sakura.ne.jp,
,,,784 103 4022
Darryl,Verrell,dverrellfl@nasa.gov,
Hazel,Zolini,hzolinifm@creativecommons.org,426 833 0771
Terencio,Housby,thousbyfn@drupal.org,665 718 1137
Letisha,Nagle,lnaglefo@skyrock.com,994 250 4784
Sibel,,sorvissfp@liveinternet.ru,
Moss,,mdilleyfq@mashable.com,
Kristofor,Hynd,khyndfr@blogtalkradio.com,
Rebbecca,Michelmore,rmichelmorefs@google.co.jp,882 533 0997
Bealle,,bmandersft@census.gov,
Adela,Brumble,abrumblefu@auda.org.au,
Willa,,wmeleskfv@wikispaces.com,
Teodoro,,tteresiafw@ed.gov,305 653 0717
Lawry,Adamsky,ladamskyfx@mozilla.org,343 149 0621
Dukey,Longhorn,dlonghornfy@godaddy.com,342 620 4388
Malynda,Schurcke,mschurckefz@indiatimes.com,666 857 0316
,Whelband,,408 293 7458
Farrel,Lambe,flambeg1@phoca.cz,534 416 4440
Beau,McKirdy,bmckirdyg2@biglobe.ne.jp,149 454 3238
Marla,Smee,msmeeg3@cnet.com,
Alexandra,,aattersollg4@hibu.com,152 392 7158
,Slocombe,,402 356 7630
Jeramey,Grzeskowski,jgrzeskowskig6@vinaora.com,702 587 3223
Cassandra,Caser,ccaserg7@yahoo.co.jp,270 737 7735
,Symcox,,
Mickie,Ludwig,mludwigg9@reddit.com,550 727 3643
Bambie,McGaw,bmcgawga@blog.com,
Myrlene,Muslim,mmuslimgb@opensource.org,595 892 4151
Yulma,O'Heffernan,yoheffernangc@buzzfeed.com,
Clemmy,Huison,chuisongd@cafepress.com,
Cedric,,cjaradge@ehow.com,603 722 7868
Carl,Lewin,clewingf@exblog.jp,860 128 8523
Fields,Malden,fmaldengg@timesonline.co.uk,
Leola,Loveland,llovelandgh@youtube.com,
Maighdiln,,mnocklesgi@xinhuanet.com,449 579 8442
Lucita,Guiu,lguiugj@ezinearticles.com,152 846 9716
Karyn,Rudinger,krudingergk@yolasite.com,105 323 3267
Emily,,edurbyngl@google.es,
Jared,,jdevonaldgm@bravesites.com,310 321 4028
Alison,Morhall,amorhallgn@cbc.ca,
,Sidry,,895 587 3231
Harmon,Allman,hallmangp@digg.com,478 638 2221
Ernie,Spino,espinogq@mit.edu,266 142 8751
Andie,Veregan,averegangr@chronoengine.com,356 965 5383
Candis,Francomb,cfrancombgs@pagesperso-orange.fr,420 862 1695
Dominic,O'Leahy,doleahygt@technorati.com,
Chicky,Van Hesteren,cvanhesterengu@ihg.com,
Jacinthe,Drayn,jdrayngv@qq.com,
Vinny,Drakers,vdrakersgw@people.com.cn,
Herrick,Dilworth,hdilworthgx@lycos.com,
Cheslie,Benner,cbennergy@1und1.de,894 703 0437
Coop,MacGill,cmacgillgz@tiny.cc,
Leshia,Boddymead,lboddymeadh0@wunderground.com,545 493 6099
,Lannen,,774 453 7325
Curt,Jilkes,cjilkesh2@altervista.org,754 536 9813
Jeanne,McGinn,jmcginnh3@msu.edu,
Chastity,Ramsby,cramsbyh4@msn.com,788 265 4616
Michel,,msprulesh5@google.co.jp,242 861 6123
Gunar,Himsworth,ghimsworthh6@intel.com,645 682 0176
Rachel,,rjaysh7@tuttocitta.it,492 705 3823
Colly,Damp,cdamph8@mapquest.com,
Cassy,Pesselt,cpesselth9@uol.com.br,181 197 9397
Marlon,Normanvell,mnormanvellha@networkadvertising.org,336 258 3361
Alard,Kelberer,akelbererhb@spiegel.de,886 935 8072
,Kevis,,901 828 2179
Mateo,Boyer,mboyerhd@wix.com,603 308 0377
Nani,,nbendelowhe@163.com,
Huberto,,hhrishanokhf@hugedomains.com,612 343 8627
Maurise,Berens,mberenshg@xing.com,
Grover,Suthworth,gsuthworthhh@delicious.com,
Kristian,,kmiquelethi@pagesperso-orange.fr,882 549 0960
Anthe,Cortez,acortezhj@vkontakte.ru,231 942 8144
Cordie,Strognell,cstrognellhk@nationalgeographic.com,
Berthe,Beamont,bbeamonthl@slideshare.net,608 578 5768
Wanids,Purdie,wpurdiehm@canalblog.com,114 870 0499
Jenna,,jknoleshn@angelfire.com,765 733 0161
Guglielma,Avrasin,gavrasinho@ning.com,336 355 4707
Gibby,,gdemattiahp@canalblog.com,686 539 7763
Kailey,Rubega,krubegahq@icq.com,943 692 4853
Lorelei,Clegg,lclegghr@shop-pro.jp,538 967 1075
Lavinie,Pierton,lpiertonhs@eventbrite.com,545 659 2757
Wilfred,Pracy,wpracyht@opera.com,766 210 6177
Demott,Cosbee,dcosbeehu@techcrunch.com,619 454 1732
Brianna,,bbathursthv@linkedin.com,511 298 8956
Clerissa,Boniface,cbonifacehw@123-reg.co.uk,
,Bousfield,,314 841 9860
Kristine,,kdimitrijevichy@photobucket.com,
Tully,Faucherand,tfaucherandhz@acquirethisname.com,917 750 2007
Eva,Bolte,eboltei0@bbb.org,
Vilhelmina,,vvandervliesi1@google.fr,958 764 6676
Ddene,Edyson,dedysoni2@hugedomains.com,930 857 7260
Robb,Scandred,rscandredi3@ehow.com,751 756 6277
Dorene,Gowlett,dgowletti4@nhs.uk,
Meridith,Enns,mennsi5@opera.com,
Emelyne,Thorneloe,ethorneloei6@microsoft.com,871 923 5091
Norby,,ndicti7@ow.ly,606 793 5159
Rayshell,MacAskill,rmacaskilli8@livejournal.com,630 494 1575
Maude,,mruddi9@marketwatch.com,499 271 3639
Imogen,Brodeur,ibrodeuria@nih.gov,723 201 0231
Rufe,Lathwell,rlathwellib@huffingtonpost.com,838 687 6021
Cherilyn,,cyorkic@hostgator.com,790 537 0446
Pascal,,pjeffriesid@ucla.edu,
Devin,Bumphries,dbumphriesie@wordpress.org,747 493 0936
Kylila,,kroundif@dailymail.co.uk,222 876 9428
Dana,Stratiff,dstratiffig@salon.com,
Brigit,Taylor,btaylorih@amazon.com,
Rutherford,Scrivin,rscrivinii@nih.gov,
Carie,,cslavinij@biblegateway.com,153 693 5037
Eleonore,Halton,ehaltonik@google.co.uk,625 140 6485
Aurea,Edinburgh,aedinburghil@sphinn.com,299 416 6500
Lorianna,Winning,lwinningim@zdnet.com,
Flemming,,fmalinowskiin@dagondesign.com,811 675 9906
Zachery,Woolstenholmes,zwoolstenholmesio@soup.io,420 395 6314
Marthena,Hedan,mhedanip@bing.com,
Nani,Panner,npanneriq@xrea.com,841 115 8252
Jo,Cord,jcordir@telegraph.co.uk,642 285 9412
Kermie,,ktooheyis@google.co.jp,459 577 6169
Constantino,Doohan,cdoohanit@creativecommons.org,830 567 4956
Johny,Cisco,jciscoiu@sakura.ne.jp,
,Lum,,173 735 4255
Demeter,MacAskie,dmacaskieiw@indiatimes.com,331 667 8888
,Christol,,156 514 1530
Edik,McCotter,emccotteriy@last.fm,117 185 9342
Ebenezer,Satterley,esatterleyiz@archive.org,556 964 2618
Westleigh,,wfilintsevj0@springer.com,
Alwin,Eckly,aecklyj1@tinyurl.com,589 636 7494
Gerrie,Skpsey,gskpseyj2@nbcnews.com,
Bernard,Hallgarth,bhallgarthj3@livejournal.com,403 881 7577
Arch,Czapla,aczaplaj4@sitemeter.com,
Eddie,Brownrigg,ebrownriggj5@cnbc.com,
Stevena,Posselt,sposseltj6@alexa.com,599 858 0492
Arlene,Bulbrook,abulbrookj7@bing.com,278 979 8927
Gaelan,Sliman,gslimanj8@cbsnews.com,967 409 9366
Clarisse,Musicka,cmusickaj9@goo.gl,
Carin,Spadollini,cspadollinija@nhs.uk,554 804 0018
Marcela,,mdahlbergjb@github.com,475 734 4066
Aguste,Dufer,aduferjc@shinystat.com,794 708 2047
Genovera,Bernhardsson,gbernhardssonjd@economist.com,670 760 4941
Paulie,Shwenn,pshwennje@opera.com,828 856 6747
Spence,,sdignanjf@prweb.com,
Berkie,Falconbridge,bfalconbridgejg@devhub.com,
Doreen,,dkermittjh@scientificamerican.com,537 286 8218
Irena,Deares,idearesji@angelfire.com,395 104 4036
Elsi,Ciottoi,eciottoijj@wikipedia.org,888 827 3858
Evita,Hawkeridge,ehawkeridgejk@hostgator.com,114 758 1420
Toiboid,Dignon,tdignonjl@dion.ne.jp,543 880 0092
Dora,Beebis,dbeebisjm@homestead.com,525 297 3423
Hadrian,,hmaleneyjn@joomla.org,
Ashley,Moizer,amoizerjo@walmart.com,640 406 2850
Norbert,,nkilgrovejp@foxnews.com,
Coleen,Leagas,cleagasjq@printfriendly.com,566 418 3234
Donny,,dmarchantjr@stanford.edu,294 468 2907
Herc,Easson,heassonjs@addtoany.com,742 978 1221
Shayla,,ssurgeonjt@theatlantic.com,488 130 5487
Lin,Grigaut,lgrigautju@cbc.ca,
Bartolomeo,Cottrell,bcottrelljv@bigcartel.com,
Gerladina,Grinsted,ggrinstedjw@infoseek.co.jp,876 328 4513
Filippo,Gorring,fgorringjx@gov.uk,608 763 0122
Inger,West-Frimley,iwestfrimleyjy@cornell.edu,252 470 3833
Sibyl,,scardwelljz@marketwatch.com,
Huntlee,Willows,hwillowsk0@canalblog.com,
Dennis,Wallbridge,dwallbridgek1@webmd.com,
Freddi,Peche,fpechek2@businessinsider.com,829 920 5788
Farrell,Dewi,fdewik3@dagondesign.com,769 218 4318
Algernon,Birchenough,abirchenoughk4@xing.com,454 235 9939
Haily,Mancer,hmancerk5@epa.gov,904 836 8343
Ruthe,,rlambournek6@cyberchimps.com,319 906 3938
Blondelle,Febry,bfebryk7@constantcontact.com,
Dwain,Bentsen,dbentsenk8@furl.net,
Gunter,Sparshutt,gsparshuttk9@ftc.gov,516 353 6786
Rosabel,Overshott,rovershottka@weibo.com,847 455 1426
Darius,Millthorpe,dmillthorpekb@zimbio.com,542 222 4140
Thedric,Piwell,tpiwellkc@icq.com,
Bianka,Coyne,bcoynekd@storify.com,989 763 6460
Karrah,,kbulstrodeke@liveinternet.ru,163 605 0522
Aryn,Ismirnioglou,aismirniogloukf@mysql.com,
Rusty,Whitnell,rwhitnellkg@sun.com,
Darryl,Ranken,drankenkh@miitbeian.gov.cn,564 209 1988
Lucia,Harfoot,lharfootki@netscape.com,
Chevalier,Siely,csielykj@bigcartel.com,
Cull,Birth,cbirthkk@skype.com,718 451 4896
Aylmar,,abloxsumkl@reuters.com,
Jacqueline,,jvaskovkm@cyberchimps.com,739 899 2059
Raina,Coddrington,rcoddringtonkn@hostgator.com,
Tammara,Braidley,tbraidleyko@github.io,809 187 6694
Giselbert,Andersson,ganderssonkp@usnews.com,399 693 8510
Thacher,Warkup,twarkupkq@ucsd.edu,596 745 9434
Carolyne,Shevels,cshevelskr@xing.com,
Page,,psibunks@jalbum.net,176 388 6225
Marice,Beckey,mbeckeykt@ft.com,953 734 9651
Ariela,Tutt,atuttku@wikipedia.org,949 461 9649
Chiarra,Vowels,cvowelskv@phoca.cz,
Lacey,Vescovo,lvescovokw@soup.io,
Salmon,Rosenfelt,srosenfeltkx@unc.edu,864 659 3158
Madelaine,Minghi,mminghiky@chron.com,
Shanta,Novotna,snovotnakz@intel.com,293 294 5397
Amby,Seine,aseinel0@com.com,666 484 1681
Millicent,Ost,mostl1@g.co,
Nestor,,nfatkinl2@ocn.ne.jp,
Guillema,Summerley,gsummerleyl3@reddit.com,511 406 0566
,Delap,,691 290 0929
Penny,Boog,pboogl5@apple.com,
Aileen,Caldayrou,acaldayroul6@google.es,659 660 0192
Sisely,Tansill,stansilll7@example.com,
,Knightsbridge,,595 264 1395
Sara-ann,Peirazzi,speirazzil9@sciencedaily.com,805 833 7473
Lorilyn,MacCallion,lmaccallionla@wunderground.com,933 790 6570
Myrtle,Scholard,mscholardlb@netscape.com,982 856 7923
Abby,Winspeare,awinspearelc@ted.com,365 203 5509
Foss,Fer,fferld@yolasite.com,510 902 0379
Brantley,Robinet,brobinetle@xrea.com,
,Carhart,,341 594 2607
Mikol,Hamshar,mhamsharlg@twitter.com,222 251 9483
Ethyl,,emcpaiklh@nymag.com,901 989 6680
Ransell,Britch,rbritchli@xrea.com,285 109 9158
Lynda,Dunn,ldunnlj@fotki.com,123 544 6426
Prescott,Enever,peneverlk@dedecms.com,874 177 1219
Jodi,Gaffey,jgaffeyll@nih.gov,548 647 8532
,Boldry,,945 849 3669
Falkner,Dinnington,fdinningtonln@auda.org.au,333 686 8256
Farlay,Perryman,fperrymanlo@elpais.com,
Arabele,Laming,alaminglp@ehow.com,859 506 6536
Adrianne,Rabl,arabllq@imgur.com,337 607 2891
Jodi,Hammond,jhammondlr@bing.com,
Alysia,Athersmith,aathersmithls@devhub.com,757 185 7682
Archy,Mobius,amobiuslt@seattletimes.com,779 645 6845
Karlie,Refford,kreffordlu@oaic.gov.au,
Davide,Wafer,dwaferlv@ox.ac.uk,674 251 1494
Kippy,Hugland,khuglandlw@soup.io,
Delcine,Artindale,dartindalelx@twitpic.com,320 975 1810
Shell,Huckerby,shuckerbyly@ocn.ne.jp,
Anissa,Bench,abenchlz@vistaprint.com,359 625 5947
Joycelin,,jhuskem0@hhs.gov,324 464 5716
Rupert,,rhubbism1@prlog.org,
Imogene,Peyto,ipeytom2@narod.ru,721 343 2562
Val,Risbie,vrisbiem3@moonfruit.com,834 920 4855
Gloriane,Jaouen,gjaouenm4@hc360.com,498 737 4321
,,,760 681 5259
Magdalene,Drabble,mdrabblem6@princeton.edu,
Skipper,Ellin,sellinm7@diigo.com,
Bridgette,Gainsford,bgainsfordm8@webmd.com,933 466 9493
Sheba,Rathborne,srathbornem9@1688.com,927 245 1977
Modestia,Earengey,mearengeyma@dagondesign.com,366 739 2294
Conroy,,calvaradomb@statcounter.com,933 687 1143
,Trotter,,
Darius,Monroe,dmonroemd@timesonline.co.uk,612 564 7450
Clemmy,Cyples,ccyplesme@harvard.edu,888 245 8137
Jacqui,,jbownassmf@marketwatch.com,
Tine,McDirmid,tmcdirmidmg@nhs.uk,644 175 7582
Sheffy,Wildish,swildishmh@dmoz.org,473 189 4755
Prinz,Cowterd,pcowterdmi@newsvine.com,184 285 4353
La verne,Fulstow,lfulstowmj@rakuten.co.jp,
Nani,Dikle,ndiklemk@google.com.au,824 111 2365
Laurella,,lantonelliniml@about.com,
Esther,Bernhardt,ebernhardtmm@bbc.co.uk,160 952 7273
Shawn,,smancemn@berkeley.edu,114 876 8974
Cam,,ccottellmo@umich.edu,
Alden,Spurden,aspurdenmp@live.com,
Viviene,,vsendallmq@unesco.org,607 327 8869
Javier,Moynham,jmoynhammr@chicagotribune.com,712 624 3672
Berty,Stendall,bstendallms@github.io,436 379 4543
Silvie,De'Vere - Hunt,sdeverehuntmt@washington.edu,308 572 2747
Bertha,Vannucci,bvannuccimu@jiathis.com,
Cortie,Argo,cargomv@ftc.gov,
,Abrahamsohn,,572 651 6074
Terra,Lovat,tlovatmx@ifeng.com,468 800 2844
Maisie,,mletteresemy@ucoz.com,457 766 3878
Hasty,,hfearsmz@ucoz.ru,278 221 0107
Garrek,Scammonden,gscammondenn0@google.de,247 216 4168
Percival,Undy,pundyn1@techcrunch.com,221 625 9575
Mylo,,msollisn2@nydailynews.com,
Lucretia,Waterworth,lwaterworthn3@addthis.com,879 618 7725
Will,,wamooren4@cloudflare.com,556 279 3213
Elly,,earthyn5@upenn.edu,136 652 7928
Steffi,Heditch,sheditchn6@ucoz.ru,506 709 2580
Federica,Dougary,fdougaryn7@thetimes.co.uk,726 878 7991
,,,191 857 7471
Whitney,Sobtka,wsobtkan9@cornell.edu,206 413 6488
Normie,,ndaverenna@guardian.co.uk,183 299 7220
Margie,Lafaye,mlafayenb@wired.com,829 564 6562
Horst,Weaben,hweabennc@salon.com,
Noah,Saye,nsayend@elegantthemes.com,285 111 2663
Elset,Grinikhinov,egrinikhinovne@usatoday.com,123 194 3648
Valera,Scoterbosh,vscoterboshnf@pbs.org,
Ike,,ilismerng@state.tx.us,754 844 5259
Isa,,imeakernh@buzzfeed.com,515 347 3677
,Duckers,,455 630 6804
Taite,Fearon,tfearonnj@ftc.gov,293 189 2651
Glad,,gdonisthorpenk@bravesites.com,841 735 1932
Tamra,Chastand,tchastandnl@canalblog.com,
Colver,Arangy,carangynm@amazon.de,362 845 6407
Robert,,rfortnonnn@sciencedaily.com,851 485 3649
,,,313 936 4265
Desi,Tipping,dtippingnp@blog.com,
Emlynn,Alyonov,ealyonovnq@friendfeed.com,
Anna,Gittings,agittingsnr@hud.gov,170 408 5855
Zilvia,Moyne,zmoynens@ft.com,161 559 8455
Renate,Edwards,redwardsnt@live.com,310 419 5640
Reggi,Farman,rfarmannu@macromedia.com,706 534 2374
Raddie,Maffione,rmaffionenv@skype.com,545 514 8687
Jeromy,Fiddyment,jfiddymentnw@unesco.org,395 390 5742
Rhodie,Sillitoe,rsillitoenx@mediafire.com,743 634 8961
Lilllie,Januszewski,ljanuszewskiny@squarespace.com,902 773 7427
Marji,Tarling,mtarlingnz@blogspot.com,
Terri-jo,Ommundsen,tommundseno0@shop-pro.jp,920 661 4853
,Hinz,,575 817 1945
Tomasina,,trappero2@wsj.com,797 833 0056
Dory,Capewell,dcapewello3@virginia.edu,767 788 2737
Rene,Matys,rmatyso4@theguardian.com,584 403 1317
,Elphinstone,,539 245 0441
Meggie,Verrier,mverriero6@upenn.edu,
Roshelle,Apdell,rapdello7@joomla.org,361 608 5590
Urban,Birchenhead,ubirchenheado8@cnn.com,716 200 9994
Meredithe,Viveash,mviveasho9@addthis.com,149 370 5403
Lanni,Tenby,ltenbyoa@bravesites.com,616 769 6260
Sutherland,,schittockob@digg.com,437 987 3109
Dorene,Messier,dmessieroc@sciencedaily.com,225 127 8985
,Ledwith,,
Virgie,Tulip,vtulipoe@uol.com.br,247 360 7693
Lucienne,Clayhill,lclayhillof@i2i.jp,
,Shemmans,,511 916 4689
,Storton,,424 646 1451
Babbette,Patrick,bpatrickoi@discovery.com,323 251 3777
Jami,Matous,jmatousoj@tuttocitta.it,337 975 5232
Pablo,Steward,pstewardok@stanford.edu,
Wenda,,wscholfieldol@multiply.com,812 576 8356
Rhonda,Mousley,rmousleyom@usa.gov,
Mella,Corcoran,mcorcoranon@mit.edu,
Aguste,Mc Trusty,amctrustyoo@washington.edu,916 677 2385
Gill,,gdodimeadop@usda.gov,
Wye,Jarrette,wjarretteoq@senate.gov,
Amargo,Willden,awilldenor@networkadvertising.org,124 687 7053
Elvina,Casebourne,ecasebourneos@unesco.org,895 898 3549
Reuven,Cassam,rcassamot@nbcnews.com,333 782 7273
Demetris,Graine,dgraineou@economist.com,849 559 4147
Yelena,McCrisken,ymccriskenov@photobucket.com,285 795 6194
Rad,Adicot,radicotow@seesaa.net,
,Bonnick,,162 519 3813
,Swinfon,,
Corri,Habershon,chabershonoz@arstechnica.com,946 826 8928
Gabie,Graalman,ggraalmanp0@cocolog-nifty.com,
,Stave,,345 831 5195
Worthy,Swinnard,wswinnardp2@posterous.com,467 480 3263
Rozina,Deekes,rdeekesp3@pagesperso-orange.fr,355 883 4690
Rosalyn,Kuhle,rkuhlep4@apache.org,
Dulcy,,dducep5@google.ca,371 190 4374
Renata,Finnie,rfinniep6@free.fr,325 287 8443
,Cootes,,
Carmine,Pasfield,cpasfieldp8@msu.edu,
Darcy,Gardener,dgardenerp9@google.nl,807 187 6998
,Whitehead,,
Mahala,,migglesdenpb@nih.gov,
,Pervew,,292 689 2982
Dur,,dchadburnpd@shutterfly.com,227 921 2196
Dyan,Bissill,dbissillpe@ted.com,183 174 4992
Helaine,Cadden,hcaddenpf@360.cn,817 103 8113
Guilbert,Hollingsby,ghollingsbypg@meetup.com,239 568 2384
Melicent,Hullbrook,mhullbrookph@slashdot.org,936 194 2190
Ruthanne,,rsigsworthpi@npr.org,670 948 2007
Valdemar,Budge,vbudgepj@joomla.org,334 800 9680
Jo-ann,Adlard,jadlardpk@discovery.com,703 864 3860
Dallis,Binford,dbinfordpl@businessweek.com,929 386 1709
Nadine,Kainz,nkainzpm@zdnet.com,985 567 7634
,,,
Milissent,,mjentlepo@free.fr,581 742 0867
Jeanette,Richie,jrichiepp@amazon.co.uk,449 494 3952
Anallise,Corriea,acorrieapq@altervista.org,749 562 8290
Violetta,Goodere,vgooderepr@reverbnation.com,683 201 3280
Blair,,bishakips@disqus.com,
Alleyn,Dudson,adudsonpt@microsoft.com,149 153 1775
Jacintha,,jlambersenpu@webnode.com,
Marylou,Ferraresi,mferraresipv@dyndns.org,680 984 1240
Magdalene,Omand,momandpw@1und1.de,
Morna,Tabbernor,mtabbernorpx@seattletimes.com,
Barby,Warrick,bwarrickpy@buzzfeed.com,956 329 3724
Teirtza,,ttomczynskipz@weather.com,
Elana,,ehundeyq0@geocities.com,360 601 3861
Kimball,Laurencot,klaurencotq1@time.com,
Myrta,Haughian,mhaughianq2@dion.ne.jp,865 557 7557
Cicily,,cgajewskiq3@pcworld.com,526 170 4408
Peggi,Arran,parranq4@wix.com,399 629 7648
Art,Taborre,ataborreq5@t-online.de,303 593 7292
Shanie,Attril,sattrilq6@msn.com,977 567 9407
Sheelah,Filipchikov,sfilipchikovq7@ibm.com,
Penni,,pzarfatq8@nsw.gov.au,261 317 4962
Rosamond,Tupper,rtupperq9@squidoo.com,663 686 2827
Linc,,lboornqa@mediafire.com,
Maura,Luckwell,mluckwellqb@issuu.com,786 256 7015
Marcile,Galletley,mgalletleyqc@state.tx.us,758 525 6659
Ruthann,Pellant,rpellantqd@hostgator.com,218 685 3712
Ileane,,iscoreyqe@princeton.edu,679 871 1872
Mason,Osinin,mosininqf@cbslocal.com,295 310 1682
Shandie,Primett,sprimettqg@senate.gov,
Enrica,,ebishoppqh@ft.com,560 692 1022
Isak,Macari,imacariqi@biblegateway.com,
Jozef,Seedman,jseedmanqj@jugem.jp,215 673 8227
Roda,Froment,rfromentqk@eepurl.com,913 448 4359
Jamey,Doyle,jdoyleql@angelfire.com,282 387 9519
Fania,Billyard,fbillyardqm@live.com,721 325 0356
,Baumer,,562 764 5688
Shellie,Dobby,sdobbyqo@unesco.org,
Dulcea,Gilbert,dgilbertqp@chicagotribune.com,914 602 1284
Mohammed,Maffiotti,mmaffiottiqq@exblog.jp,
Claresta,Upwood,cupwoodqr@businesswire.com,
Danya,Weond,dweondqs@engadget.com,786 778 5604
Amanda,Castree,acastreeqt@blog.com,459 538 3387
Obadiah,Klemz,oklemzqu@addtoany.com,853 362 3892
,Montel,,859 694 2388
Gale,Humpage,ghumpageqw@usnews.com,919 237 2152
Silvain,,ssoggqx@bbc.co.uk,
Bettine,,bplackstoneqy@upenn.edu,
Darryl,Morford,dmorfordqz@fda.gov,
Jeni,,jrenzinir0@cbslocal.com,884 285 8270
Sophi,Bramwell,sbramwellr1@gmpg.org,344 321 5768
Hilton,Deakes,hdeakesr2@dailymotion.com,
Jocelyne,Murney,jmurneyr3@bing.com,
Erin,,eantleyr4@rediff.com,408 189 1006
Mel,Freddi,mfreddir5@list-manage.com,929 616 4470
Jacquelin,Shiers,jshiersr6@feedburner.com,784 698 4915
Donalt,Skyner,dskynerr7@loc.gov,602 818 9937
Dorolice,Gatman,dgatmanr8@tripod.com,915 516 9499
Sarina,,skobusr9@nps.gov,492 641 4582
Hillel,Forcade,hforcadera@about.com,292 144 8083
Kalie,Tommasi,ktommasirb@mapquest.com,181 177 7760
Gertruda,Lacer,glacerrc@github.com,604 734 4940
Livvy,,lgjerderd@tamu.edu,428 226 3327
Felic,,fhitterre@google.co.uk,
Danika,Stegell,dstegellrf@shop-pro.jp,930 869 9972
Andree,,amcgauganrg@bloomberg.com,999 228 2182
Philipa,,phunterh@huffingtonpost.com,368 493 0228
Celestina,Dancey,cdanceyri@fastcompany.com,740 237 3254
Bear,,btanslierj@gnu.org,
Dana,Jakucewicz,djakucewiczrk@ox.ac.uk,159 173 5605
Ann-marie,Tapsfield,atapsfieldrl@webmd.com,733 447 5965
,Jillings,,538 271 4264
Caddric,,ctawtonrn@comcast.net,
Dania,Ianne,diannero@miibeian.gov.cn,
Amerigo,Southgate,asouthgaterp@fema.gov,624 601 5869
Letisha,Kubera,lkuberarq@noaa.gov,963 286 6872
Gelya,Ingleston,ginglestonrr@tiny.cc,
